{
  "n_uncertain": 200,
  "n_certain": 200,
  "n_splits": 5,
  "results": {
    "0": {
      "mean_acc": 0.7699999999999999,
      "std_acc": 0.04558645632202615,
      "ci_low": 0.7300417092457647,
      "ci_high": 0.8099582907542351,
      "fold_scores": [
        0.7375,
        0.75,
        0.75,
        0.85,
        0.7625
      ]
    },
    "1": {
      "mean_acc": 0.775,
      "std_acc": 0.02338535866733714,
      "ci_low": 0.7545018293499152,
      "ci_high": 0.7954981706500849,
      "fold_scores": [
        0.775,
        0.7625,
        0.75,
        0.8125,
        0.775
      ]
    },
    "2": {
      "mean_acc": 0.8175000000000001,
      "std_acc": 0.04383919479187543,
      "ci_low": 0.7790732515036727,
      "ci_high": 0.8559267484963275,
      "fold_scores": [
        0.8125,
        0.7875,
        0.775,
        0.8875,
        0.825
      ]
    },
    "3": {
      "mean_acc": 0.8375,
      "std_acc": 0.044194173824159244,
      "ci_low": 0.7987620986629373,
      "ci_high": 0.8762379013370627,
      "fold_scores": [
        0.8125,
        0.825,
        0.7875,
        0.9,
        0.8625
      ]
    },
    "4": {
      "mean_acc": 0.8275,
      "std_acc": 0.06578848683470383,
      "ci_low": 0.7698338487498949,
      "ci_high": 0.8851661512501051,
      "fold_scores": [
        0.7875,
        0.8125,
        0.75,
        0.9125,
        0.875
      ]
    },
    "5": {
      "mean_acc": 0.8299999999999998,
      "std_acc": 0.04472135954999578,
      "ci_low": 0.7907999999999998,
      "ci_high": 0.8691999999999999,
      "fold_scores": [
        0.8125,
        0.8125,
        0.775,
        0.8875,
        0.8625
      ]
    },
    "6": {
      "mean_acc": 0.8474999999999999,
      "std_acc": 0.029843340965783303,
      "ci_low": 0.8213411582825232,
      "ci_high": 0.8736588417174767,
      "fold_scores": [
        0.825,
        0.8625,
        0.8125,
        0.8875,
        0.85
      ]
    },
    "7": {
      "mean_acc": 0.8099999999999999,
      "std_acc": 0.040888568084490325,
      "ci_low": 0.7741595898460969,
      "ci_high": 0.845840410153903,
      "fold_scores": [
        0.8,
        0.8125,
        0.7625,
        0.875,
        0.8
      ]
    },
    "8": {
      "mean_acc": 0.8150000000000001,
      "std_acc": 0.044546324203013625,
      "ci_low": 0.7759534252462524,
      "ci_high": 0.8540465747537477,
      "fold_scores": [
        0.825,
        0.8,
        0.7875,
        0.8875,
        0.775
      ]
    },
    "9": {
      "mean_acc": 0.8175000000000001,
      "std_acc": 0.03913118960624631,
      "ci_low": 0.7832000000000001,
      "ci_high": 0.8518000000000001,
      "fold_scores": [
        0.8375,
        0.8,
        0.8,
        0.875,
        0.775
      ]
    },
    "10": {
      "mean_acc": 0.82,
      "std_acc": 0.020916500663351854,
      "ci_low": 0.8016658788048077,
      "ci_high": 0.8383341211951922,
      "fold_scores": [
        0.8,
        0.825,
        0.8,
        0.85,
        0.825
      ]
    },
    "11": {
      "mean_acc": 0.8275,
      "std_acc": 0.01854049621773914,
      "ci_low": 0.8112485385272585,
      "ci_high": 0.8437514614727415,
      "fold_scores": [
        0.8,
        0.825,
        0.825,
        0.85,
        0.8375
      ]
    },
    "12": {
      "mean_acc": 0.8125,
      "std_acc": 0.027950849718747346,
      "ci_low": 0.788,
      "ci_high": 0.837,
      "fold_scores": [
        0.8125,
        0.825,
        0.775,
        0.85,
        0.8
      ]
    }
  }
}