{
  "n_uncertain": 200,
  "n_certain": 200,
  "n_splits": 5,
  "results": {
    "0": {
      "mean_acc": 0.7725,
      "std_acc": 0.04873397172404484,
      "ci_low": 0.7297827903533014,
      "ci_high": 0.8152172096466985,
      "fold_scores": [
        0.8,
        0.725,
        0.775,
        0.8375,
        0.725
      ]
    },
    "1": {
      "mean_acc": 0.7849999999999999,
      "std_acc": 0.06336895927818287,
      "ci_low": 0.7294546581611022,
      "ci_high": 0.8405453418388976,
      "fold_scores": [
        0.8,
        0.7625,
        0.725,
        0.8875,
        0.75
      ]
    },
    "2": {
      "mean_acc": 0.7799999999999999,
      "std_acc": 0.057008771254956916,
      "ci_low": 0.7300296087667906,
      "ci_high": 0.8299703912332093,
      "fold_scores": [
        0.8125,
        0.7625,
        0.725,
        0.8625,
        0.7375
      ]
    },
    "3": {
      "mean_acc": 0.7999999999999999,
      "std_acc": 0.03644344934278314,
      "ci_low": 0.768055908214507,
      "ci_high": 0.8319440917854929,
      "fold_scores": [
        0.7875,
        0.8,
        0.775,
        0.8625,
        0.775
      ]
    },
    "4": {
      "mean_acc": 0.8175000000000001,
      "std_acc": 0.0370809924354783,
      "ci_low": 0.7849970770545172,
      "ci_high": 0.8500029229454831,
      "fold_scores": [
        0.8,
        0.8125,
        0.775,
        0.875,
        0.825
      ]
    },
    "5": {
      "mean_acc": 0.7875,
      "std_acc": 0.06059599821770409,
      "ci_low": 0.734385265697737,
      "ci_high": 0.840614734302263,
      "fold_scores": [
        0.7625,
        0.8,
        0.7375,
        0.8875,
        0.75
      ]
    },
    "6": {
      "mean_acc": 0.8075000000000001,
      "std_acc": 0.04107919181288745,
      "ci_low": 0.7714925007810874,
      "ci_high": 0.8435074992189128,
      "fold_scores": [
        0.8,
        0.8125,
        0.775,
        0.875,
        0.775
      ]
    },
    "7": {
      "mean_acc": 0.8074999999999999,
      "std_acc": 0.03377314021526576,
      "ci_low": 0.7778965373646932,
      "ci_high": 0.8371034626353065,
      "fold_scores": [
        0.8125,
        0.8,
        0.775,
        0.8625,
        0.7875
      ]
    },
    "8": {
      "mean_acc": 0.8324999999999999,
      "std_acc": 0.03913118960624631,
      "ci_low": 0.7981999999999999,
      "ci_high": 0.8667999999999999,
      "fold_scores": [
        0.875,
        0.8125,
        0.8,
        0.875,
        0.8
      ]
    },
    "9": {
      "mean_acc": 0.835,
      "std_acc": 0.05548085255293035,
      "ci_low": 0.7863688885588659,
      "ci_high": 0.883631111441134,
      "fold_scores": [
        0.9,
        0.8,
        0.775,
        0.8875,
        0.8125
      ]
    },
    "10": {
      "mean_acc": 0.8350000000000002,
      "std_acc": 0.0518411033833193,
      "ci_low": 0.7895592693720712,
      "ci_high": 0.8804407306279292,
      "fold_scores": [
        0.9,
        0.8,
        0.825,
        0.875,
        0.775
      ]
    },
    "11": {
      "mean_acc": 0.825,
      "std_acc": 0.0618718433538229,
      "ci_low": 0.7707669381281123,
      "ci_high": 0.8792330618718877,
      "fold_scores": [
        0.8625,
        0.825,
        0.8,
        0.9,
        0.7375
      ]
    },
    "12": {
      "mean_acc": 0.8150000000000001,
      "std_acc": 0.04088856808449028,
      "ci_low": 0.779159589846097,
      "ci_high": 0.8508404101539031,
      "fold_scores": [
        0.8,
        0.8,
        0.8,
        0.8875,
        0.7875
      ]
    }
  }
}