{
  "n_uncertain": 200,
  "n_certain": 200,
  "n_splits": 5,
  "results": {
    "0": {
      "mean_acc": 0.8049999999999999,
      "std_acc": 0.0429389100932942,
      "ci_low": 0.7673623858354437,
      "ci_high": 0.8426376141645562,
      "fold_scores": [
        0.7875,
        0.8625,
        0.775,
        0.8375,
        0.7625
      ]
    },
    "1": {
      "mean_acc": 0.8150000000000001,
      "std_acc": 0.024044230077089168,
      "ci_low": 0.7939243030957457,
      "ci_high": 0.8360756969042544,
      "fold_scores": [
        0.85,
        0.7875,
        0.8,
        0.825,
        0.8125
      ]
    },
    "2": {
      "mean_acc": 0.835,
      "std_acc": 0.034686092313779025,
      "ci_low": 0.8045962995673224,
      "ci_high": 0.8654037004326776,
      "fold_scores": [
        0.85,
        0.8125,
        0.85,
        0.875,
        0.7875
      ]
    },
    "3": {
      "mean_acc": 0.8324999999999999,
      "std_acc": 0.0496865172858795,
      "ci_low": 0.7889478473551536,
      "ci_high": 0.8760521526448463,
      "fold_scores": [
        0.9,
        0.825,
        0.825,
        0.85,
        0.7625
      ]
    },
    "4": {
      "mean_acc": 0.8324999999999999,
      "std_acc": 0.0472691760029726,
      "ci_low": 0.7910667404130449,
      "ci_high": 0.8739332595869549,
      "fold_scores": [
        0.8875,
        0.8125,
        0.85,
        0.85,
        0.7625
      ]
    },
    "5": {
      "mean_acc": 0.8400000000000001,
      "std_acc": 0.049529031890397396,
      "ci_low": 0.7965858893906601,
      "ci_high": 0.88341411060934,
      "fold_scores": [
        0.9,
        0.85,
        0.8375,
        0.85,
        0.7625
      ]
    },
    "6": {
      "mean_acc": 0.835,
      "std_acc": 0.02850438562747847,
      "ci_low": 0.8100148043833953,
      "ci_high": 0.8599851956166046,
      "fold_scores": [
        0.8625,
        0.8375,
        0.8375,
        0.85,
        0.7875
      ]
    },
    "7": {
      "mean_acc": 0.8275,
      "std_acc": 0.020539595906443713,
      "ci_low": 0.8094962503905436,
      "ci_high": 0.8455037496094564,
      "fold_scores": [
        0.85,
        0.8375,
        0.8125,
        0.8375,
        0.8
      ]
    },
    "8": {
      "mean_acc": 0.8474999999999999,
      "std_acc": 0.04454632420301363,
      "ci_low": 0.8084534252462523,
      "ci_high": 0.8865465747537475,
      "fold_scores": [
        0.9125,
        0.85,
        0.8,
        0.8625,
        0.8125
      ]
    },
    "9": {
      "mean_acc": 0.8399999999999999,
      "std_acc": 0.038931028755993594,
      "ci_low": 0.8058754487208988,
      "ci_high": 0.8741245512791009,
      "fold_scores": [
        0.9,
        0.85,
        0.8,
        0.8375,
        0.8125
      ]
    },
    "10": {
      "mean_acc": 0.85,
      "std_acc": 0.0342326598440729,
      "ci_low": 0.8199937506509061,
      "ci_high": 0.8800062493490939,
      "fold_scores": [
        0.9,
        0.8625,
        0.825,
        0.85,
        0.8125
      ]
    },
    "11": {
      "mean_acc": 0.8625,
      "std_acc": 0.036443449342783145,
      "ci_low": 0.8305559082145071,
      "ci_high": 0.894444091785493,
      "fold_scores": [
        0.925,
        0.8625,
        0.8375,
        0.85,
        0.8375
      ]
    },
    "12": {
      "mean_acc": 0.8550000000000001,
      "std_acc": 0.03377314021526574,
      "ci_low": 0.8253965373646934,
      "ci_high": 0.8846034626353068,
      "fold_scores": [
        0.9,
        0.875,
        0.8375,
        0.85,
        0.8125
      ]
    }
  }
}