{
  "n_uncertain": 200,
  "n_certain": 200,
  "n_splits": 5,
  "results": {
    "0": {
      "mean_acc": 0.5525,
      "std_acc": 0.036869703009381576,
      "ci_low": 0.5201822804022314,
      "ci_high": 0.5848177195977686,
      "fold_scores": [
        0.5,
        0.5875,
        0.5875,
        0.5375,
        0.55
      ]
    },
    "1": {
      "mean_acc": 0.8125,
      "std_acc": 0.02651650429449553,
      "ci_low": 0.7892572591977625,
      "ci_high": 0.8357427408022375,
      "fold_scores": [
        0.8375,
        0.8375,
        0.775,
        0.8125,
        0.8
      ]
    },
    "2": {
      "mean_acc": 0.825,
      "std_acc": 0.031868871959954914,
      "ci_low": 0.7970657020850711,
      "ci_high": 0.8529342979149288,
      "fold_scores": [
        0.8625,
        0.85,
        0.7875,
        0.825,
        0.8
      ]
    },
    "3": {
      "mean_acc": 0.8425,
      "std_acc": 0.033773140215265736,
      "ci_low": 0.8128965373646934,
      "ci_high": 0.8721034626353067,
      "fold_scores": [
        0.8625,
        0.8625,
        0.8,
        0.875,
        0.8125
      ]
    },
    "4": {
      "mean_acc": 0.8300000000000001,
      "std_acc": 0.02091650066335191,
      "ci_low": 0.8116658788048078,
      "ci_high": 0.8483341211951924,
      "fold_scores": [
        0.8375,
        0.8625,
        0.8125,
        0.825,
        0.8125
      ]
    },
    "5": {
      "mean_acc": 0.845,
      "std_acc": 0.031374750995027796,
      "ci_low": 0.8174988182072115,
      "ci_high": 0.8725011817927885,
      "fold_scores": [
        0.85,
        0.8875,
        0.8375,
        0.85,
        0.8
      ]
    },
    "6": {
      "mean_acc": 0.8474999999999999,
      "std_acc": 0.018540496217739167,
      "ci_low": 0.8312485385272584,
      "ci_high": 0.8637514614727414,
      "fold_scores": [
        0.85,
        0.875,
        0.8375,
        0.85,
        0.825
      ]
    },
    "7": {
      "mean_acc": 0.8524999999999998,
      "std_acc": 0.034686092313779025,
      "ci_low": 0.8220962995673222,
      "ci_high": 0.8829037004326774,
      "fold_scores": [
        0.9,
        0.875,
        0.8375,
        0.8375,
        0.8125
      ]
    },
    "8": {
      "mean_acc": 0.845,
      "std_acc": 0.024366985862022413,
      "ci_low": 0.8236413951766507,
      "ci_high": 0.8663586048233493,
      "fold_scores": [
        0.875,
        0.8625,
        0.8375,
        0.8375,
        0.8125
      ]
    },
    "9": {
      "mean_acc": 0.8375,
      "std_acc": 0.029315098498896446,
      "ci_low": 0.8118041832198313,
      "ci_high": 0.8631958167801688,
      "fold_scores": [
        0.8625,
        0.875,
        0.825,
        0.8125,
        0.8125
      ]
    },
    "10": {
      "mean_acc": 0.8324999999999999,
      "std_acc": 0.024366985862022413,
      "ci_low": 0.8111413951766506,
      "ci_high": 0.8538586048233492,
      "fold_scores": [
        0.8625,
        0.85,
        0.825,
        0.8,
        0.825
      ]
    },
    "11": {
      "mean_acc": 0.8375,
      "std_acc": 0.01976423537605239,
      "ci_low": 0.8201758838609295,
      "ci_high": 0.8548241161390705,
      "fold_scores": [
        0.8625,
        0.85,
        0.8375,
        0.8125,
        0.825
      ]
    },
    "12": {
      "mean_acc": 0.8450000000000001,
      "std_acc": 0.022707377655731182,
      "ci_low": 0.825096105908642,
      "ci_high": 0.8649038940913581,
      "fold_scores": [
        0.875,
        0.85,
        0.85,
        0.8125,
        0.8375
      ]
    },
    "13": {
      "mean_acc": 0.8575000000000002,
      "std_acc": 0.02091650066335191,
      "ci_low": 0.8391658788048079,
      "ci_high": 0.8758341211951924,
      "fold_scores": [
        0.875,
        0.85,
        0.8625,
        0.825,
        0.875
      ]
    },
    "14": {
      "mean_acc": 0.8575000000000002,
      "std_acc": 0.018957188610128902,
      "ci_low": 0.8408832915413432,
      "ci_high": 0.8741167084586571,
      "fold_scores": [
        0.8625,
        0.8625,
        0.8625,
        0.825,
        0.875
      ]
    },
    "15": {
      "mean_acc": 0.86,
      "std_acc": 0.01045825033167596,
      "ci_low": 0.8508329394024038,
      "ci_high": 0.8691670605975962,
      "fold_scores": [
        0.8625,
        0.85,
        0.875,
        0.85,
        0.8625
      ]
    },
    "16": {
      "mean_acc": 0.86,
      "std_acc": 0.01369306393762915,
      "ci_low": 0.8479975002603625,
      "ci_high": 0.8720024997396375,
      "fold_scores": [
        0.875,
        0.8625,
        0.8625,
        0.8375,
        0.8625
      ]
    },
    "17": {
      "mean_acc": 0.8424999999999999,
      "std_acc": 0.018957188610128885,
      "ci_low": 0.825883291541343,
      "ci_high": 0.8591167084586568,
      "fold_scores": [
        0.8375,
        0.85,
        0.8625,
        0.8125,
        0.85
      ]
    },
    "18": {
      "mean_acc": 0.8399999999999999,
      "std_acc": 0.02236067977499787,
      "ci_low": 0.8203999999999999,
      "ci_high": 0.8595999999999998,
      "fold_scores": [
        0.85,
        0.85,
        0.85,
        0.8,
        0.85
      ]
    },
    "19": {
      "mean_acc": 0.8375,
      "std_acc": 0.015309310892394854,
      "ci_low": 0.8240807973411235,
      "ci_high": 0.8509192026588766,
      "fold_scores": [
        0.8375,
        0.8375,
        0.85,
        0.8125,
        0.85
      ]
    },
    "20": {
      "mean_acc": 0.8375,
      "std_acc": 0.015309310892394854,
      "ci_low": 0.8240807973411235,
      "ci_high": 0.8509192026588766,
      "fold_scores": [
        0.8375,
        0.85,
        0.8375,
        0.8125,
        0.85
      ]
    },
    "21": {
      "mean_acc": 0.8375,
      "std_acc": 0.029315098498896446,
      "ci_low": 0.8118041832198313,
      "ci_high": 0.8631958167801688,
      "fold_scores": [
        0.8375,
        0.85,
        0.85,
        0.7875,
        0.8625
      ]
    },
    "22": {
      "mean_acc": 0.8425,
      "std_acc": 0.01895718861012888,
      "ci_low": 0.8258832915413431,
      "ci_high": 0.859116708458657,
      "fold_scores": [
        0.8375,
        0.85,
        0.85,
        0.8125,
        0.8625
      ]
    },
    "23": {
      "mean_acc": 0.835,
      "std_acc": 0.02984334096578332,
      "ci_low": 0.8088411582825232,
      "ci_high": 0.8611588417174767,
      "fold_scores": [
        0.825,
        0.85,
        0.85,
        0.7875,
        0.8625
      ]
    },
    "24": {
      "mean_acc": 0.8375,
      "std_acc": 0.017677669529663684,
      "ci_low": 0.822004839465175,
      "ci_high": 0.852995160534825,
      "fold_scores": [
        0.825,
        0.85,
        0.85,
        0.8125,
        0.85
      ]
    },
    "25": {
      "mean_acc": 0.835,
      "std_acc": 0.03468609231377901,
      "ci_low": 0.8045962995673224,
      "ci_high": 0.8654037004326776,
      "fold_scores": [
        0.8375,
        0.85,
        0.85,
        0.775,
        0.8625
      ]
    },
    "26": {
      "mean_acc": 0.8299999999999998,
      "std_acc": 0.03137475099502782,
      "ci_low": 0.8024988182072114,
      "ci_high": 0.8575011817927883,
      "fold_scores": [
        0.8375,
        0.8375,
        0.85,
        0.775,
        0.85
      ]
    },
    "27": {
      "mean_acc": 0.8324999999999999,
      "std_acc": 0.033773140215265736,
      "ci_low": 0.8028965373646932,
      "ci_high": 0.8621034626353066,
      "fold_scores": [
        0.8375,
        0.8375,
        0.85,
        0.775,
        0.8625
      ]
    },
    "28": {
      "mean_acc": 0.8275,
      "std_acc": 0.03791437722025778,
      "ci_low": 0.7942665830826862,
      "ci_high": 0.8607334169173139,
      "fold_scores": [
        0.8375,
        0.8375,
        0.8625,
        0.7625,
        0.8375
      ]
    },
    "29": {
      "mean_acc": 0.825,
      "std_acc": 0.04145780987944252,
      "ci_low": 0.7886606274132312,
      "ci_high": 0.8613393725867687,