{
  "n_uncertain": 200,
  "n_certain": 200,
  "n_splits": 5,
  "results": {
    "0": {
      "mean_acc": 0.76,
      "std_acc": 0.02236067977499787,
      "ci_low": 0.7404000000000001,
      "ci_high": 0.7796,
      "fold_scores": [
        0.7375,
        0.7875,
        0.7375,
        0.7625,
        0.775
      ]
    },
    "1": {
      "mean_acc": 0.8225,
      "std_acc": 0.03791437722025774,
      "ci_low": 0.7892665830826862,
      "ci_high": 0.8557334169173139,
      "fold_scores": [
        0.85,
        0.8,
        0.7875,
        0.875,
        0.8
      ]
    },
    "2": {
      "mean_acc": 0.8024999999999999,
      "std_acc": 0.02053959590644372,
      "ci_low": 0.7844962503905435,
      "ci_high": 0.8205037496094563,
      "fold_scores": [
        0.825,
        0.7875,
        0.7875,
        0.825,
        0.7875
      ]
    },
    "3": {
      "mean_acc": 0.825,
      "std_acc": 0.03307189138830739,
      "ci_low": 0.7960112090628119,
      "ci_high": 0.853988790937188,
      "fold_scores": [
        0.8375,
        0.8125,
        0.8125,
        0.875,
        0.7875
      ]
    },
    "4": {
      "mean_acc": 0.8324999999999999,
      "std_acc": 0.04201934078492905,
      "ci_low": 0.7956684238729863,
      "ci_high": 0.8693315761270135,
      "fold_scores": [
        0.8125,
        0.8375,
        0.825,
        0.9,
        0.7875
      ]
    },
    "5": {
      "mean_acc": 0.85,
      "std_acc": 0.05448623679425844,
      "ci_low": 0.8022407077104361,
      "ci_high": 0.8977592922895639,
      "fold_scores": [
        0.8625,
        0.85,
        0.8625,
        0.9125,
        0.7625
      ]
    },
    "6": {
      "mean_acc": 0.8425,
      "std_acc": 0.04472135954999579,
      "ci_low": 0.8033,
      "ci_high": 0.8817,
      "fold_scores": [
        0.8375,
        0.85,
        0.85,
        0.9,
        0.775
      ]
    },
    "7": {
      "mean_acc": 0.8324999999999999,
      "std_acc": 0.0447213595499958,
      "ci_low": 0.7932999999999999,
      "ci_high": 0.8716999999999999,
      "fold_scores": [
        0.825,
        0.8375,
        0.825,
        0.9,
        0.775
      ]
    },
    "8": {
      "mean_acc": 0.8400000000000001,
      "std_acc": 0.04454632420301362,
      "ci_low": 0.8009534252462525,
      "ci_high": 0.8790465747537477,
      "fold_scores": [
        0.8875,
        0.8,
        0.825,
        0.8875,
        0.8
      ]
    },
    "9": {
      "mean_acc": 0.8625,
      "std_acc": 0.036443449342783124,
      "ci_low": 0.8305559082145071,
      "ci_high": 0.894444091785493,
      "fold_scores": [
        0.9125,
        0.85,
        0.8375,
        0.8875,
        0.825
      ]
    },
    "10": {
      "mean_acc": 0.865,
      "std_acc": 0.024044230077089185,
      "ci_low": 0.8439243030957455,
      "ci_high": 0.8860756969042545,
      "fold_scores": [
        0.9,
        0.8625,
        0.85,
        0.875,
        0.8375
      ]
    },
    "11": {
      "mean_acc": 0.85,
      "std_acc": 0.03952847075210474,
      "ci_low": 0.8153517677218591,
      "ci_high": 0.8846482322781408,
      "fold_scores": [
        0.9,
        0.85,
        0.8,
        0.875,
        0.825
      ]
    },
    "12": {
      "mean_acc": 0.825,
      "std_acc": 0.026516504294495532,
      "ci_low": 0.8017572591977624,
      "ci_high": 0.8482427408022375,
      "fold_scores": [
        0.8625,
        0.8,
        0.8,
        0.8375,
        0.825
      ]
    }
  }
}