{
  "n_uncertain": 200,
  "n_certain": 200,
  "n_splits": 5,
  "results": {
    "0": {
      "mean_acc": 0.8,
      "std_acc": 0.03852758751855609,
      "ci_low": 0.766229080557379,
      "ci_high": 0.833770919442621,
      "fold_scores": [
        0.8125,
        0.775,
        0.8125,
        0.85,
        0.75
      ]
    },
    "1": {
      "mean_acc": 0.825,
      "std_acc": 0.046770717334674264,
      "ci_low": 0.7840036586998302,
      "ci_high": 0.8659963413001697,
      "fold_scores": [
        0.8,
        0.8625,
        0.7875,
        0.8875,
        0.7875
      ]
    },
    "2": {
      "mean_acc": 0.8400000000000001,
      "std_acc": 0.034686092313779004,
      "ci_low": 0.8095962995673225,
      "ci_high": 0.8704037004326777,
      "fold_scores": [
        0.8375,
        0.875,
        0.8,
        0.875,
        0.8125
      ]
    },
    "3": {
      "mean_acc": 0.835,
      "std_acc": 0.03235544776386194,
      "ci_low": 0.8066391995881639,
      "ci_high": 0.863360800411836,
      "fold_scores": [
        0.8,
        0.825,
        0.8375,
        0.8875,
        0.825
      ]
    },
    "4": {
      "mean_acc": 0.8474999999999999,
      "std_acc": 0.03686970300938157,
      "ci_low": 0.8151822804022313,
      "ci_high": 0.8798177195977686,
      "fold_scores": [
        0.7875,
        0.85,
        0.8625,
        0.8875,
        0.85
      ]
    },
    "5": {
      "mean_acc": 0.8474999999999999,
      "std_acc": 0.04088856808449033,
      "ci_low": 0.8116595898460968,
      "ci_high": 0.8833404101539031,
      "fold_scores": [
        0.7875,
        0.8375,
        0.85,
        0.9,
        0.8625
      ]
    },
    "6": {
      "mean_acc": 0.8400000000000001,
      "std_acc": 0.0525892099199066,
      "ci_low": 0.7939035250805444,
      "ci_high": 0.8860964749194558,
      "fold_scores": [
        0.7625,
        0.8375,
        0.875,
        0.9,
        0.825
      ]
    },
    "7": {
      "mean_acc": 0.8575000000000002,
      "std_acc": 0.04808846015417835,
      "ci_low": 0.8153486061914913,
      "ci_high": 0.899651393808509,
      "fold_scores": [
        0.7875,
        0.8625,
        0.9125,
        0.8875,
        0.8375
      ]
    },
    "8": {
      "mean_acc": 0.86,
      "std_acc": 0.03686970300938158,
      "ci_low": 0.8276822804022314,
      "ci_high": 0.8923177195977686,
      "fold_scores": [
        0.825,
        0.8375,
        0.9,
        0.9,
        0.8375
      ]
    },
    "9": {
      "mean_acc": 0.85,
      "std_acc": 0.049999999999999996,
      "ci_low": 0.8061730676410042,
      "ci_high": 0.8938269323589958,
      "fold_scores": [
        0.8375,
        0.825,
        0.9125,
        0.8875,
        0.7875
      ]
    },
    "10": {
      "mean_acc": 0.8625,
      "std_acc": 0.04759858191164944,
      "ci_low": 0.8207780034034804,
      "ci_high": 0.9042219965965197,
      "fold_scores": [
        0.8375,
        0.8375,
        0.925,
        0.9,
        0.8125
      ]
    },
    "11": {
      "mean_acc": 0.86,
      "std_acc": 0.0389310287559936,
      "ci_low": 0.8258754487208989,
      "ci_high": 0.8941245512791011,
      "fold_scores": [
        0.825,
        0.85,
        0.9125,
        0.8875,
        0.825
      ]
    },
    "12": {
      "mean_acc": 0.845,
      "std_acc": 0.05123475382979799,
      "ci_low": 0.8000907581894328,
      "ci_high": 0.8899092418105672,
      "fold_scores": [
        0.8,
        0.8625,
        0.9125,
        0.8625,
        0.7875
      ]
    }
  }
}