{
  "n_uncertain": 200,
  "n_certain": 200,
  "n_splits": 5,
  "results": {
    "0": {
      "mean_acc": 0.7700000000000001,
      "std_acc": 0.024366985862022413,
      "ci_low": 0.7486413951766508,
      "ci_high": 0.7913586048233494,
      "fold_scores": [
        0.7625,
        0.8,
        0.7625,
        0.7875,
        0.7375
      ]
    },
    "1": {
      "mean_acc": 0.7949999999999999,
      "std_acc": 0.024366985862022413,
      "ci_low": 0.7736413951766506,
      "ci_high": 0.8163586048233492,
      "fold_scores": [
        0.825,
        0.7875,
        0.7875,
        0.8125,
        0.7625
      ]
    },
    "2": {
      "mean_acc": 0.7925000000000001,
      "std_acc": 0.03811987670494226,
      "ci_low": 0.7590864548423848,
      "ci_high": 0.8259135451576154,
      "fold_scores": [
        0.8375,
        0.8,
        0.8125,
        0.775,
        0.7375
      ]
    },
    "3": {
      "mean_acc": 0.805,
      "std_acc": 0.03601215072721983,
      "ci_low": 0.7734339581195235,
      "ci_high": 0.8365660418804766,
      "fold_scores": [
        0.85,
        0.8125,
        0.775,
        0.825,
        0.7625
      ]
    },
    "4": {
      "mean_acc": 0.7949999999999999,
      "std_acc": 0.05273755777432246,
      "ci_low": 0.7487734924529226,
      "ci_high": 0.8412265075470773,
      "fold_scores": [
        0.875,
        0.7875,
        0.7625,
        0.8125,
        0.7375
      ]
    },
    "5": {
      "mean_acc": 0.7849999999999999,
      "std_acc": 0.04183300132670377,
      "ci_low": 0.7483317576096153,
      "ci_high": 0.8216682423903845,
      "fold_scores": [
        0.8375,
        0.7875,
        0.75,
        0.8125,
        0.7375
      ]
    },
    "6": {
      "mean_acc": 0.7775000000000001,
      "std_acc": 0.04183300132670376,
      "ci_low": 0.7408317576096155,
      "ci_high": 0.8141682423903847,
      "fold_scores": [
        0.8375,
        0.7875,
        0.7375,
        0.7875,
        0.7375
      ]
    },
    "7": {
      "mean_acc": 0.7925000000000001,
      "std_acc": 0.05419870847169702,
      "ci_low": 0.7449927373973201,
      "ci_high": 0.8400072626026801,
      "fold_scores": [
        0.8375,
        0.8625,
        0.7625,
        0.7625,
        0.7375
      ]
    },
    "8": {
      "mean_acc": 0.8075000000000001,
      "std_acc": 0.053473124090518624,
      "ci_low": 0.7606287401492131,
      "ci_high": 0.8543712598507871,
      "fold_scores": [
        0.8625,
        0.8625,
        0.8,
        0.7625,
        0.75
      ]
    },
    "9": {
      "mean_acc": 0.8025,
      "std_acc": 0.02236067977499787,
      "ci_low": 0.7829,
      "ci_high": 0.8220999999999999,
      "fold_scores": [
        0.825,
        0.825,
        0.8,
        0.7875,
        0.775
      ]
    },
    "10": {
      "mean_acc": 0.8025,
      "std_acc": 0.025617376914898966,
      "ci_low": 0.7800453790947164,
      "ci_high": 0.8249546209052836,
      "fold_scores": [
        0.825,
        0.825,
        0.8125,
        0.775,
        0.775
      ]
    },
    "11": {
      "mean_acc": 0.805,
      "std_acc": 0.014252192813739208,
      "ci_low": 0.7925074021916978,
      "ci_high": 0.8174925978083023,
      "fold_scores": [
        0.825,
        0.8,
        0.8125,
        0.7875,
        0.8
      ]
    },
    "12": {
      "mean_acc": 0.795,
      "std_acc": 0.016770509831248424,
      "ci_low": 0.7803,
      "ci_high": 0.8097000000000001,
      "fold_scores": [
        0.8125,
        0.7875,
        0.8125,
        0.775,
        0.7875
      ]
    }
  }
}