{
  "n_uncertain": 200,
  "n_certain": 200,
  "n_splits": 5,
  "results": {
    "0": {
      "mean_acc": 0.78,
      "std_acc": 0.04201934078492902,
      "ci_low": 0.7431684238729864,
      "ci_high": 0.8168315761270136,
      "fold_scores": [
        0.7625,
        0.75,
        0.7875,
        0.85,
        0.75
      ]
    },
    "1": {
      "mean_acc": 0.8300000000000001,
      "std_acc": 0.053473124090518576,
      "ci_low": 0.7831287401492131,
      "ci_high": 0.8768712598507871,
      "fold_scores": [
        0.8375,
        0.85,
        0.875,
        0.85,
        0.7375
      ]
    },
    "2": {
      "mean_acc": 0.825,
      "std_acc": 0.04145780987944254,
      "ci_low": 0.7886606274132312,
      "ci_high": 0.8613393725867687,
      "fold_scores": [
        0.8625,
        0.8125,
        0.825,
        0.8625,
        0.7625
      ]
    },
    "3": {
      "mean_acc": 0.8375,
      "std_acc": 0.04592793267718457,
      "ci_low": 0.7972423920233703,
      "ci_high": 0.8777576079766297,
      "fold_scores": [
        0.8875,
        0.8125,
        0.8375,
        0.875,
        0.775
      ]
    },
    "4": {
      "mean_acc": 0.8474999999999999,
      "std_acc": 0.03686970300938156,
      "ci_low": 0.8151822804022313,
      "ci_high": 0.8798177195977686,
      "fold_scores": [
        0.8625,
        0.85,
        0.85,
        0.8875,
        0.7875
      ]
    },
    "5": {
      "mean_acc": 0.85,
      "std_acc": 0.037500000000000006,
      "ci_low": 0.817129800730753,
      "ci_high": 0.8828701992692469,
      "fold_scores": [
        0.8625,
        0.85,
        0.8625,
        0.8875,
        0.7875
      ]
    },
    "6": {
      "mean_acc": 0.8549999999999999,
      "std_acc": 0.04293891009329416,
      "ci_low": 0.8173623858354437,
      "ci_high": 0.892637614164556,
      "fold_scores": [
        0.875,
        0.8875,
        0.8375,
        0.8875,
        0.7875
      ]
    },
    "7": {
      "mean_acc": 0.8525,
      "std_acc": 0.03686970300938156,
      "ci_low": 0.8201822804022314,
      "ci_high": 0.8848177195977687,
      "fold_scores": [
        0.8375,
        0.8625,
        0.8625,
        0.9,
        0.8
      ]
    },
    "8": {
      "mean_acc": 0.8549999999999999,
      "std_acc": 0.043839194791875466,
      "ci_low": 0.8165732515036724,
      "ci_high": 0.8934267484963273,
      "fold_scores": [
        0.8375,
        0.875,
        0.875,
        0.9,
        0.7875
      ]
    },
    "9": {
      "mean_acc": 0.8525,
      "std_acc": 0.025617376914898998,
      "ci_low": 0.8300453790947164,
      "ci_high": 0.8749546209052836,
      "fold_scores": [
        0.85,
        0.875,
        0.85,
        0.875,
        0.8125
      ]
    },
    "10": {
      "mean_acc": 0.8525,
      "std_acc": 0.027099354235848493,
      "ci_low": 0.82874636869866,
      "ci_high": 0.87625363130134,
      "fold_scores": [
        0.8625,
        0.85,
        0.85,
        0.8875,
        0.8125
      ]
    },
    "11": {
      "mean_acc": 0.86,
      "std_acc": 0.024044230077089185,
      "ci_low": 0.8389243030957455,
      "ci_high": 0.8810756969042545,
      "fold_scores": [
        0.85,
        0.8625,
        0.8875,
        0.875,
        0.825
      ]
    },
    "12": {
      "mean_acc": 0.8625,
      "std_acc": 0.02338535866733711,
      "ci_low": 0.8420018293499152,
      "ci_high": 0.8829981706500849,
      "fold_scores": [
        0.85,
        0.8375,
        0.8875,
        0.8875,
        0.85
      ]
    },
    "13": {
      "mean_acc": 0.8724999999999999,
      "std_acc": 0.032355447763861955,
      "ci_low": 0.8441391995881639,
      "ci_high": 0.900860800411836,
      "fold_scores": [
        0.8625,
        0.8375,
        0.9,
        0.9125,
        0.85
      ]
    },
    "14": {
      "mean_acc": 0.8799999999999999,
      "std_acc": 0.04201934078492905,
      "ci_low": 0.8431684238729863,
      "ci_high": 0.9168315761270135,
      "fold_scores": [
        0.8375,
        0.8625,
        0.925,
        0.925,
        0.85
      ]
    },
    "15": {
      "mean_acc": 0.8724999999999999,
      "std_acc": 0.04873397172404485,
      "ci_low": 0.8297827903533013,
      "ci_high": 0.9152172096466986,
      "fold_scores": [
        0.825,
        0.85,
        0.925,
        0.925,
        0.8375
      ]
    },
    "16": {
      "mean_acc": 0.8724999999999999,
      "std_acc": 0.037914377220257776,
      "ci_low": 0.8392665830826861,
      "ci_high": 0.9057334169173138,
      "fold_scores": [
        0.8375,
        0.85,
        0.925,
        0.9,
        0.85
      ]
    },
    "17": {
      "mean_acc": 0.875,
      "std_acc": 0.036443449342783145,
      "ci_low": 0.843055908214507,
      "ci_high": 0.906944091785493,
      "fold_scores": [
        0.8625,
        0.85,
        0.925,
        0.9,
        0.8375
      ]
    },
    "18": {
      "mean_acc": 0.8800000000000001,
      "std_acc": 0.043839194791875466,
      "ci_low": 0.8415732515036727,
      "ci_high": 0.9184267484963275,
      "fold_scores": [
        0.875,
        0.8375,
        0.925,
        0.925,
        0.8375
      ]
    },
    "19": {
      "mean_acc": 0.8699999999999999,
      "std_acc": 0.038119876704942275,
      "ci_low": 0.8365864548423845,
      "ci_high": 0.9034135451576153,
      "fold_scores": [
        0.875,
        0.8375,
        0.9125,
        0.9,
        0.825
      ]
    },
    "20": {
      "mean_acc": 0.8524999999999998,
      "std_acc": 0.04710360920354193,
      "ci_low": 0.8112118661114357,
      "ci_high": 0.8937881338885639,
      "fold_scores": [
        0.85,
        0.8,
        0.9,
        0.9,
        0.8125
      ]
    },
    "21": {
      "mean_acc": 0.85,
      "std_acc": 0.0441941738241592,
      "ci_low": 0.8112620986629373,
      "ci_high": 0.8887379013370627,
      "fold_scores": [
        0.8375,
        0.8,
        0.875,
        0.9125,
        0.825
      ]
    },
    "22": {
      "mean_acc": 0.8525,
      "std_acc": 0.04454632420301366,
      "ci_low": 0.8134534252462524,
      "ci_high": 0.8915465747537477,
      "fold_scores": [
        0.8375,
        0.7875,
        0.8875,
        0.9,
        0.85
      ]
    },
    "23": {
      "mean_acc": 0.845,
      "std_acc": 0.041079191812887474,
      "ci_low": 0.8089925007810872,
      "ci_high": 0.8810074992189127,
      "fold_scores": [
        0.8375,
        0.7875,
        0.8625,
        0.9,
        0.8375
      ]
    },
    "24": {
      "mean_acc": 0.8475000000000001,
      "std_acc": 0.028504385627478437,
      "ci_low": 0.8225148043833955,
      "ci_high": 0.8724851956166048,
      "fold_scores": [
        0.8375,
        0.8125,
        0.8625,
        0.8875,
        0.8375
      ]
    }
  }
}