{
  "n_uncertain": 200,
  "n_certain": 200,
  "n_splits": 5,
  "results": {
    "0": {
      "mean_acc": 0.82,
      "std_acc": 0.04383919479187546,
      "ci_low": 0.7815732515036725,
      "ci_high": 0.8584267484963274,
      "fold_scores": [
        0.8,
        0.85,
        0.7625,
        0.875,
        0.8125
      ]
    },
    "1": {
      "mean_acc": 0.8425,
      "std_acc": 0.047269176002972604,
      "ci_low": 0.801066740413045,
      "ci_high": 0.883933259586955,
      "fold_scores": [
        0.8625,
        0.8625,
        0.7875,
        0.9,
        0.8
      ]
    },
    "2": {
      "mean_acc": 0.8450000000000001,
      "std_acc": 0.032596012026013234,
      "ci_low": 0.8164283357152581,
      "ci_high": 0.8735716642847421,
      "fold_scores": [
        0.85,
        0.875,
        0.8,
        0.875,
        0.825
      ]
    },
    "3": {
      "mean_acc": 0.8425,
      "std_acc": 0.030103986446980733,
      "ci_low": 0.8161126924450409,
      "ci_high": 0.8688873075549591,
      "fold_scores": [
        0.8625,
        0.875,
        0.8,
        0.85,
        0.825
      ]
    },
    "4": {
      "mean_acc": 0.8474999999999999,
      "std_acc": 0.022360679774997894,
      "ci_low": 0.8279,
      "ci_high": 0.8670999999999999,
      "fold_scores": [
        0.85,
        0.85,
        0.8125,
        0.875,
        0.85
      ]
    },
    "5": {
      "mean_acc": 0.8625,
      "std_acc": 0.019764235376052354,
      "ci_low": 0.8451758838609297,
      "ci_high": 0.8798241161390704,
      "fold_scores": [
        0.8875,
        0.8625,
        0.8375,
        0.85,
        0.875
      ]
    },
    "6": {
      "mean_acc": 0.8549999999999999,
      "std_acc": 0.020916500663351868,
      "ci_low": 0.8366658788048076,
      "ci_high": 0.8733341211951922,
      "fold_scores": [
        0.8375,
        0.85,
        0.8375,
        0.8875,
        0.8625
      ]
    },
    "7": {
      "mean_acc": 0.8425,
      "std_acc": 0.03377314021526572,
      "ci_low": 0.8128965373646934,
      "ci_high": 0.8721034626353067,
      "fold_scores": [
        0.825,
        0.8375,
        0.8,
        0.8875,
        0.8625
      ]
    },
    "8": {
      "mean_acc": 0.8400000000000001,
      "std_acc": 0.024044230077089185,
      "ci_low": 0.8189243030957456,
      "ci_high": 0.8610756969042546,
      "fold_scores": [
        0.8375,
        0.825,
        0.8125,
        0.875,
        0.85
      ]
    },
    "9": {
      "mean_acc": 0.8550000000000001,
      "std_acc": 0.025920551691659646,
      "ci_low": 0.8322796346860356,
      "ci_high": 0.8777203653139646,
      "fold_scores": [
        0.875,
        0.85,
        0.825,
        0.8875,
        0.8375
      ]
    },
    "10": {
      "mean_acc": 0.8474999999999999,
      "std_acc": 0.024044230077089168,
      "ci_low": 0.8264243030957455,
      "ci_high": 0.8685756969042543,
      "fold_scores": [
        0.85,
        0.8375,
        0.8375,
        0.8875,
        0.825
      ]
    },
    "11": {
      "mean_acc": 0.8450000000000001,
      "std_acc": 0.024366985862022413,
      "ci_low": 0.8236413951766508,
      "ci_high": 0.8663586048233494,
      "fold_scores": [
        0.8625,
        0.8375,
        0.8125,
        0.875,
        0.8375
      ]
    },
    "12": {
      "mean_acc": 0.8600000000000001,
      "std_acc": 0.01854049621773914,
      "ci_low": 0.8437485385272586,
      "ci_high": 0.8762514614727416,
      "fold_scores": [
        0.8875,
        0.8625,
        0.85,
        0.8625,
        0.8375
      ]
    },
    "13": {
      "mean_acc": 0.8474999999999999,
      "std_acc": 0.016298006013006655,
      "ci_low": 0.8332141678576289,
      "ci_high": 0.8617858321423709,
      "fold_scores": [
        0.8625,
        0.8625,
        0.825,
        0.85,
        0.8375
      ]
    },
    "14": {
      "mean_acc": 0.8474999999999999,
      "std_acc": 0.020539595906443744,
      "ci_low": 0.8294962503905435,
      "ci_high": 0.8655037496094563,
      "fold_scores": [
        0.8625,
        0.875,
        0.825,
        0.8375,
        0.8375
      ]
    },
    "15": {
      "mean_acc": 0.85,
      "std_acc": 0.01976423537605239,
      "ci_low": 0.8326758838609295,
      "ci_high": 0.8673241161390705,
      "fold_scores": [
        0.875,
        0.85,
        0.825,
        0.8625,
        0.8375
      ]
    },
    "16": {
      "mean_acc": 0.8550000000000001,
      "std_acc": 0.024366985862022413,
      "ci_low": 0.8336413951766508,
      "ci_high": 0.8763586048233494,
      "fold_scores": [
        0.8625,
        0.8625,
        0.825,
        0.8875,
        0.8375
      ]
    },
    "17": {
      "mean_acc": 0.8474999999999999,
      "std_acc": 0.022360679774997925,
      "ci_low": 0.8278999999999999,
      "ci_high": 0.8671,
      "fold_scores": [
        0.85,
        0.8625,
        0.825,
        0.875,
        0.825
      ]
    },
    "18": {
      "mean_acc": 0.8525,
      "std_acc": 0.02850438562747847,
      "ci_low": 0.8275148043833954,
      "ci_high": 0.8774851956166047,
      "fold_scores": [
        0.85,
        0.85,
        0.8375,
        0.9,
        0.825
      ]
    },
    "19": {
      "mean_acc": 0.8550000000000001,
      "std_acc": 0.024366985862022413,
      "ci_low": 0.8336413951766508,
      "ci_high": 0.8763586048233494,
      "fold_scores": [
        0.8625,
        0.8375,
        0.8625,
        0.8875,
        0.825
      ]
    },
    "20": {
      "mean_acc": 0.8474999999999999,
      "std_acc": 0.031124748994971856,
      "ci_low": 0.8202179546221328,
      "ci_high": 0.8747820453778671,
      "fold_scores": [
        0.85,
        0.825,
        0.8375,
        0.9,
        0.825
      ]
    },
    "21": {
      "mean_acc": 0.8425,
      "std_acc": 0.028777161083053334,
      "ci_low": 0.8172757061545819,
      "ci_high": 0.8677242938454182,
      "fold_scores": [
        0.8375,
        0.8125,
        0.85,
        0.8875,
        0.825
      ]
    },
    "22": {
      "mean_acc": 0.8225,
      "std_acc": 0.02236067977499787,
      "ci_low": 0.8029000000000001,
      "ci_high": 0.8421,
      "fold_scores": [
        0.825,
        0.8,
        0.85,
        0.8375,
        0.8
      ]
    },
    "23": {
      "mean_acc": 0.8150000000000001,
      "std_acc": 0.022360679774997894,
      "ci_low": 0.7954000000000001,
      "ci_high": 0.8346,
      "fold_scores": [
        0.7875,
        0.8125,
        0.85,
        0.8125,
        0.8125
      ]
    },
    "24": {
      "mean_acc": 0.8324999999999999,
      "std_acc": 0.018957188610128867,
      "ci_low": 0.815883291541343,
      "ci_high": 0.8491167084586568,
      "fold_scores": [
        0.85,
        0.8375,
        0.85,
        0.8125,
        0.8125
      ]
    }
  }
}