{
  "n_uncertain": 200,
  "n_certain": 200,
  "n_splits": 5,
  "results": {
    "0": {
      "mean_acc": 0.7775000000000001,
      "std_acc": 0.03235544776386197,
      "ci_low": 0.749139199588164,
      "ci_high": 0.8058608004118362,
      "fold_scores": [
        0.75,
        0.8125,
        0.75,
        0.8125,
        0.7625
      ]
    },
    "1": {
      "mean_acc": 0.805,
      "std_acc": 0.028777161083053355,
      "ci_low": 0.7797757061545819,
      "ci_high": 0.8302242938454182,
      "fold_scores": [
        0.8375,
        0.825,
        0.8,
        0.7625,
        0.8
      ]
    },
    "2": {
      "mean_acc": 0.8175000000000001,
      "std_acc": 0.03601215072721983,
      "ci_low": 0.7859339581195236,
      "ci_high": 0.8490660418804766,
      "fold_scores": [
        0.875,
        0.8125,
        0.775,
        0.8125,
        0.8125
      ]
    },
    "3": {
      "mean_acc": 0.8324999999999999,
      "std_acc": 0.051234753829797995,
      "ci_low": 0.7875907581894327,
      "ci_high": 0.8774092418105671,
      "fold_scores": [
        0.9125,
        0.8375,
        0.7875,
        0.8375,
        0.7875
      ]
    },
    "4": {
      "mean_acc": 0.8299999999999998,
      "std_acc": 0.04107919181288748,
      "ci_low": 0.7939925007810871,
      "ci_high": 0.8660074992189126,
      "fold_scores": [
        0.875,
        0.8625,
        0.7875,
        0.8375,
        0.7875
      ]
    },
    "5": {
      "mean_acc": 0.8175000000000001,
      "std_acc": 0.041079191812887494,
      "ci_low": 0.7814925007810873,
      "ci_high": 0.8535074992189129,
      "fold_scores": [
        0.8625,
        0.8375,
        0.7625,
        0.8375,
        0.7875
      ]
    },
    "6": {
      "mean_acc": 0.8150000000000001,
      "std_acc": 0.027099354235848493,
      "ci_low": 0.79124636869866,
      "ci_high": 0.8387536313013401,
      "fold_scores": [
        0.8375,
        0.8375,
        0.775,
        0.8,
        0.825
      ]
    },
    "7": {
      "mean_acc": 0.82,
      "std_acc": 0.020916500663351902,
      "ci_low": 0.8016658788048077,
      "ci_high": 0.8383341211951922,
      "fold_scores": [
        0.8375,
        0.8375,
        0.7875,
        0.8125,
        0.825
      ]
    },
    "8": {
      "mean_acc": 0.82,
      "std_acc": 0.036012150727219826,
      "ci_low": 0.7884339581195234,
      "ci_high": 0.8515660418804765,
      "fold_scores": [
        0.875,
        0.8125,
        0.775,
        0.825,
        0.8125
      ]
    },
    "9": {
      "mean_acc": 0.8274999999999999,
      "std_acc": 0.03791437722025774,
      "ci_low": 0.794266583082686,
      "ci_high": 0.8607334169173138,
      "fold_scores": [
        0.8875,
        0.8125,
        0.7875,
        0.8375,
        0.8125
      ]
    },
    "10": {
      "mean_acc": 0.8225,
      "std_acc": 0.02236067977499787,
      "ci_low": 0.8029000000000001,
      "ci_high": 0.8421,
      "fold_scores": [
        0.85,
        0.825,
        0.8,
        0.8375,
        0.8
      ]
    },
    "11": {
      "mean_acc": 0.8275,
      "std_acc": 0.024044230077089185,
      "ci_low": 0.8064243030957455,
      "ci_high": 0.8485756969042545,
      "fold_scores": [
        0.8625,
        0.8375,
        0.8,
        0.825,
        0.8125
      ]
    },
    "12": {
      "mean_acc": 0.825,
      "std_acc": 0.026516504294495532,
      "ci_low": 0.8017572591977624,
      "ci_high": 0.8482427408022375,
      "fold_scores": [
        0.85,
        0.825,
        0.8125,
        0.85,
        0.7875
      ]
    }
  }
}