{
  "n_uncertain": 200,
  "n_certain": 200,
  "n_splits": 5,
  "results": {
    "0": {
      "mean_acc": 0.78,
      "std_acc": 0.022707377655731182,
      "ci_low": 0.760096105908642,
      "ci_high": 0.7999038940913581,
      "fold_scores": [
        0.7875,
        0.75,
        0.775,
        0.8125,
        0.775
      ]
    },
    "1": {
      "mean_acc": 0.8074999999999999,
      "std_acc": 0.02877716108305334,
      "ci_low": 0.7822757061545818,
      "ci_high": 0.832724293845418,
      "fold_scores": [
        0.85,
        0.7875,
        0.7875,
        0.825,
        0.7875
      ]
    },
    "2": {
      "mean_acc": 0.8100000000000002,
      "std_acc": 0.03112474899497184,
      "ci_low": 0.782717954622133,
      "ci_high": 0.8372820453778673,
      "fold_scores": [
        0.8125,
        0.8125,
        0.7625,
        0.85,
        0.8125
      ]
    },
    "3": {
      "mean_acc": 0.8525,
      "std_acc": 0.03468609231377901,
      "ci_low": 0.8220962995673224,
      "ci_high": 0.8829037004326776,
      "fold_scores": [
        0.8375,
        0.825,
        0.8375,
        0.9125,
        0.85
      ]
    },
    "4": {
      "mean_acc": 0.8350000000000002,
      "std_acc": 0.038931028755993594,
      "ci_low": 0.8008754487208991,
      "ci_high": 0.8691245512791013,
      "fold_scores": [
        0.8375,
        0.825,
        0.8,
        0.9,
        0.8125
      ]
    },
    "5": {
      "mean_acc": 0.8375,
      "std_acc": 0.037500000000000006,
      "ci_low": 0.8046298007307531,
      "ci_high": 0.870370199269247,
      "fold_scores": [
        0.825,
        0.825,
        0.8,
        0.9,
        0.8375
      ]
    },
    "6": {
      "mean_acc": 0.8424999999999999,
      "std_acc": 0.03259601202601327,
      "ci_low": 0.8139283357152579,
      "ci_high": 0.8710716642847419,
      "fold_scores": [
        0.825,
        0.825,
        0.825,
        0.9,
        0.8375
      ]
    },
    "7": {
      "mean_acc": 0.8425,
      "std_acc": 0.03377314021526575,
      "ci_low": 0.8128965373646934,
      "ci_high": 0.8721034626353067,
      "fold_scores": [
        0.8375,
        0.825,
        0.8125,
        0.9,
        0.8375
      ]
    },
    "8": {
      "mean_acc": 0.8600000000000001,
      "std_acc": 0.03235544776386197,
      "ci_low": 0.831639199588164,
      "ci_high": 0.8883608004118362,
      "fold_scores": [
        0.875,
        0.85,
        0.8625,
        0.9,
        0.8125
      ]
    },
    "9": {
      "mean_acc": 0.8574999999999999,
      "std_acc": 0.03601215072721983,
      "ci_low": 0.8259339581195234,
      "ci_high": 0.8890660418804764,
      "fold_scores": [
        0.85,
        0.85,
        0.8625,
        0.9125,
        0.8125
      ]
    },
    "10": {
      "mean_acc": 0.8450000000000001,
      "std_acc": 0.046435439052516785,
      "ci_low": 0.8042975430717015,
      "ci_high": 0.8857024569282986,
      "fold_scores": [
        0.8375,
        0.825,
        0.8625,
        0.9125,
        0.7875
      ]
    },
    "11": {
      "mean_acc": 0.8400000000000001,
      "std_acc": 0.05184110338331929,
      "ci_low": 0.7945592693720711,
      "ci_high": 0.885440730627929,
      "fold_scores": [
        0.85,
        0.8,
        0.875,
        0.9,
        0.775
      ]
    },
    "12": {
      "mean_acc": 0.8074999999999999,
      "std_acc": 0.047269176002972604,
      "ci_low": 0.7660667404130449,
      "ci_high": 0.8489332595869549,
      "fold_scores": [
        0.825,
        0.8125,
        0.8375,
        0.8375,
        0.725
      ]
    }
  }
}