{
  "layer": 12,
  "hidden_norm": 550.0,
  "results": {
    "0.0": {
      "mean": 0.4483333333333333,
      "std": 0.7167468093410427,
      "frac_hedged": 0.3333333333333333
    },
    "0.05": {
      "mean": 0.4233333333333334,
      "std": 0.7310003980306057,
      "frac_hedged": 0.3333333333333333
    },
    "0.1": {
      "mean": 0.4266666666666667,
      "std": 0.6537678711733478,
      "frac_hedged": 0.36666666666666664
    },
    "0.15": {
      "mean": 0.13166666666666668,
      "std": 0.42962011862537774,
      "frac_hedged": 0.1
    },
    "0.2": {
      "mean": 0.13333333333333333,
      "std": 0.5030977485864633,
      "frac_hedged": 0.08333333333333333
    },
    "0.25": {
      "mean": 0.016666666666666666,
      "std": 0.12909944487358058,
      "frac_hedged": 0.016666666666666666
    },
    "0.3": {
      "mean": 0.05,
      "std": 0.21978417765108274,
      "frac_hedged": 0.05
    },
    "0.4": {
      "mean": 0.05,
      "std": 0.21978417765108274,
      "frac_hedged": 0.05
    }
  }
}