{
  "target_layers": [
    8,
    12,
    16,
    20
  ],
  "hidden_norm": 550.0,
  "results": {
    "0.0": {
      "mean": 0.5088888888888888,
      "std": 0.7792252044126391,
      "frac_hedged": 0.35555555555555557
    },
    "0.02": {
      "mean": 0.5266666666666666,
      "std": 0.7599043001947978,
      "frac_hedged": 0.37777777777777777
    },
    "0.04": {
      "mean": 0.4222222222222222,
      "std": 0.9177266598624135,
      "frac_hedged": 0.26666666666666666
    },
    "0.06": {
      "mean": 0.022222222222222223,
      "std": 0.14907119849998599,
      "frac_hedged": 0.022222222222222223
    },
    "0.08": {
      "mean": 0.022222222222222223,
      "std": 0.14907119849998599,
      "frac_hedged": 0.022222222222222223
    },
    "0.1": {
      "mean": 0.0,
      "std": 0.0,
      "frac_hedged": 0.0
    },
    "0.12": {
      "mean": 0.0,
      "std": 0.0,
      "frac_hedged": 0.0
    }
  }
}