{
  "n_uncertain": 200,
  "n_certain": 200,
  "n_splits": 5,
  "results": {
    "0": {
      "mean_acc": 0.78,
      "std_acc": 0.04201934078492902,
      "ci_low": 0.7431684238729864,
      "ci_high": 0.8168315761270136,
      "fold_scores": [
        0.7625,
        0.75,
        0.7875,
        0.85,
        0.75
      ]
    },
    "4": {
      "mean_acc": 0.8474999999999999,
      "std_acc": 0.03686970300938156,
      "ci_low": 0.8151822804022313,
      "ci_high": 0.8798177195977686,
      "fold_scores": [
        0.8625,
        0.85,
        0.85,
        0.8875,
        0.7875
      ]
    },
    "8": {
      "mean_acc": 0.8549999999999999,
      "std_acc": 0.043839194791875466,
      "ci_low": 0.8165732515036724,
      "ci_high": 0.8934267484963273,
      "fold_scores": [
        0.8375,
        0.875,
        0.875,
        0.9,
        0.7875
      ]
    },
    "12": {
      "mean_acc": 0.8625,
      "std_acc": 0.02338535866733711,
      "ci_low": 0.8420018293499152,
      "ci_high": 0.8829981706500849,
      "fold_scores": [
        0.85,
        0.8375,
        0.8875,
        0.8875,
        0.85
      ]
    },
    "16": {
      "mean_acc": 0.8724999999999999,
      "std_acc": 0.037914377220257776,
      "ci_low": 0.8392665830826861,
      "ci_high": 0.9057334169173138,
      "fold_scores": [
        0.8375,
        0.85,
        0.925,
        0.9,
        0.85
      ]
    },
    "20": {
      "mean_acc": 0.8524999999999998,
      "std_acc": 0.04710360920354193,
      "ci_low": 0.8112118661114357,
      "ci_high": 0.8937881338885639,
      "fold_scores": [
        0.85,
        0.8,
        0.9,
        0.9,
        0.8125
      ]
    },
    "22": {
      "mean_acc": 0.8525,
      "std_acc": 0.04454632420301366,
      "ci_low": 0.8134534252462524,
      "ci_high": 0.8915465747537477,
      "fold_scores": [
        0.8375,
        0.7875,
        0.8875,
        0.9,
        0.85
      ]
    },
    "23": {
      "mean_acc": 0.845,
      "std_acc": 0.041079191812887474,
      "ci_low": 0.8089925007810872,
      "ci_high": 0.8810074992189127,
      "fold_scores": [
        0.8375,
        0.7875,
        0.8625,
        0.9,
        0.8375
      ]
    },
    "24": {
      "mean_acc": 0.8475000000000001,
      "std_acc": 0.028504385627478437,
      "ci_low": 0.8225148043833955,
      "ci_high": 0.8724851956166048,
      "fold_scores": [
        0.8375,
        0.8125,
        0.8625,
        0.8875,
        0.8375
      ]
    }
  }
}