{
  "12": {
    "0.0": {
      "mean": 0.4133333333333333,
      "std": 0.6431245566780194,
      "frac_hedged": 0.3333333333333333
    },
    "0.05": {
      "mean": 0.7333333333333333,
      "std": 0.7382800764373693,
      "frac_hedged": 0.5666666666666667
    },
    "0.1": {
      "mean": 0.5,
      "std": 0.5085476277156078,
      "frac_hedged": 0.5
    },
    "0.15": {
      "mean": 0.36666666666666664,
      "std": 0.5560534167675355,
      "frac_hedged": 0.3333333333333333
    },
    "0.2": {
      "mean": 0.6666666666666666,
      "std": 0.7111590022187596,
      "frac_hedged": 0.5333333333333333
    },
    "0.25": {
      "mean": 0.99,
      "std": 0.6819596509451576,
      "frac_hedged": 0.7666666666666667
    }
  },
  "16": {
    "0.0": {
      "mean": 0.4133333333333333,
      "std": 0.6431245566780194,
      "frac_hedged": 0.3333333333333333
    },
    "0.05": {
      "mean": 0.6666666666666666,
      "std": 0.698931861576246,
      "frac_hedged": 0.5666666666666667
    },
    "0.1": {
      "mean": 0.8533333333333334,
      "std": 0.7015909670580653,
      "frac_hedged": 0.7
    },
    "0.15": {
      "mean": 0.86,
      "std": 0.7894127018189556,
      "frac_hedged": 0.6666666666666666
    },
    "0.2": {
      "mean": 1.6666666666666667,
      "std": 0.8840866447369842,
      "frac_hedged": 0.9666666666666667
    },
    "0.25": {
      "mean": 2.12,
      "std": 1.1830410841963825,
      "frac_hedged": 0.9666666666666667
    }
  },
  "20": {
    "0.0": {
      "mean": 0.4133333333333333,
      "std": 0.6431245566780194,
      "frac_hedged": 0.3333333333333333
    },
    "0.05": {
      "mean": 0.5066666666666666,
      "std": 0.8059833716661273,
      "frac_hedged": 0.3333333333333333
    },
    "0.1": {
      "mean": 0.7966666666666667,
      "std": 1.0350689909817383,
      "frac_hedged": 0.5333333333333333
    },
    "0.15": {
      "mean": 1.5233333333333334,
      "std": 1.2834982727265174,
      "frac_hedged": 0.7666666666666667
    },
    "0.2": {
      "mean": 1.3733333333333335,
      "std": 1.338535827282759,
      "frac_hedged": 0.7
    },
    "0.25": {
      "mean": 2.19,
      "std": 1.4678978635896418,
      "frac_hedged": 0.8666666666666667
    }
  }
}