{
  "probe": {
    "0.0": {
      "mean": 0.4133333333333333,
      "std": 0.6431245566780194,
      "frac_hedged": 0.3333333333333333
    },
    "0.05": {
      "mean": 0.6666666666666666,
      "std": 0.698931861576246,
      "frac_hedged": 0.5666666666666667
    },
    "0.1": {
      "mean": 0.8533333333333334,
      "std": 0.7015909670580653,
      "frac_hedged": 0.7
    },
    "0.15": {
      "mean": 0.86,
      "std": 0.7894127018189556,
      "frac_hedged": 0.6666666666666666
    },
    "0.2": {
      "mean": 1.6666666666666667,
      "std": 0.8840866447369842,
      "frac_hedged": 0.9666666666666667
    },
    "0.25": {
      "mean": 2.12,
      "std": 1.1830410841963825,
      "frac_hedged": 0.9666666666666667
    }
  },
  "ortho": {
    "0.0": {
      "mean": 0.4133333333333333,
      "std": 0.6431245566780194,
      "frac_hedged": 0.3333333333333333
    },
    "0.05": {
      "mean": 0.5666666666666667,
      "std": 0.7648904962570577,
      "frac_hedged": 0.4666666666666667
    },
    "0.1": {
      "mean": 0.75,
      "std": 0.5042919242141264,
      "frac_hedged": 0.7333333333333333
    },
    "0.15": {
      "mean": 0.5766666666666667,
      "std": 0.7412400296861978,
      "frac_hedged": 0.4666666666666667
    },
    "0.2": {
      "mean": 0.9700000000000001,
      "std": 0.9602980859051544,
      "frac_hedged": 0.6666666666666666
    },
    "0.25": {
      "mean": 1.6133333333333335,
      "std": 0.848419761647513,
      "frac_hedged": 0.9333333333333333
    }
  }
}